var_0000,var_0001,var_0002,var_0003,var_0004,var_0005,var_0006,id,outlier
0.467651,0.321584,0.76888,0.24663,0.838799,0.099737,0.29834,1,no
0.496412,0.220491,0.776032,0.316598,0.919973,0.089145,0.279479,2,no
0.519133,0.404464,0.768012,0.334978,0.801622,0.092369,0.271238,3,no
0.19965,0.547373,0.374284,0.362223,0.817017,0,0.177913,4,yes
0.847261,0.286361,0,0.217792,0,0.019135,1,5,no
0.426602,0.308603,0.624353,0.340791,0.86381,0.088582,0.297948,6,no
0.445962,0.463718,0.800347,0.106225,0.727184,0.009333,0.311253,7,no
0.486638,0.385096,0.624771,0.294843,0.786585,0.085833,0.326493,8,no
0.362655,0.535267,0,0.705246,0.695953,0.01237,0.318986,9,no
0.562075,0.409806,0.864021,0.303551,0.780486,0.086439,0.275085,10,no
0.49386,0.427778,0.789174,0.358414,0.79925,0.07037,0.250494,11,no
0.402394,0.208305,0.71002,0.256641,0.915953,0.096087,0.30562,12,no
0.616706,0.417846,0.836881,0.150769,0.646261,0.020472,0.420304,13,no
0.623678,0.563788,0.835736,0.087764,0.572773,0.017344,0.387784,14,no
0.535015,0.397489,0.763113,0.44094,0.804271,0.094147,0.268431,15,no
0.529479,0.454686,0.769156,0.425544,0.793505,0.097211,0.23253,16,no
0.421531,0.650093,0,0.50667,0.652083,0,0.27394,17,no
0.430381,0.302846,0.72988,0.355875,0.895808,0.104176,0.248962,18,no
0.429671,0.39351,0,0.434855,0.605774,0.072899,0.523039,19,no
0.483035,0.353694,0.651071,0.339537,0.826517,0.093621,0.301137,20,no
0.585827,0.384837,0.808408,0.174263,0.691666,0.029852,0.402815,21,no
0.584255,0.102349,0,0.476406,0.560152,0.126978,0.707716,22,no
0.572674,0.365964,0.82907,0.246656,0.7759,0.100644,0.32277,23,no
0.491406,0.43049,0.805946,0.268333,0.793941,0.08904,0.255114,24,no
0.599249,0.354126,0.35723,0.56598,0.753377,0.119625,0.390796,25,no
0.419383,0.392626,0.764496,0.34967,0.846275,0.05905,0.229676,26,no
0.487654,0.333677,0.775696,0.48082,0.878211,0.107866,0.228585,27,no
0.385864,0.610039,0,0.498986,0.687237,0,0.270773,28,no
0.486342,0.402825,0.779513,0.354946,0.82727,0.087477,0.239769,29,no
0.499565,0.423993,0.778626,0.313808,0.795349,0.087625,0.26179,30,no
0.451995,0.333998,0.781576,0.401271,0.882554,0.101233,0.227693,31,no
0.583325,0.437853,0.741143,0.376413,0.729836,0.088152,0.326315,32,no
0,1,0,0.010405,0.531241,0,0.085032,33,yes
0.544096,0.451739,0.799254,0.37537,0.789358,0.103659,0.237397,34,no
0.470397,0.358887,0.79124,0.318344,0.836255,0.088873,0.265414,35,no
0.438784,0.307055,0.759237,0.377213,0.898047,0.104295,0.236319,36,no
0.471491,0.325208,0.794348,0.396408,0.87933,0.099901,0.236532,37,no
0.492574,0.251394,0.599112,0.399881,0.861116,0.109377,0.341942,38,no
0.467565,0.33382,0.771736,0.342347,0.867527,0.106062,0.250372,39,no
0.535383,0.59436,0.684662,0.538022,0.752942,0.172901,0.151727,40,no
0.480585,0.315453,0.765352,0.315618,0.847324,0.09985,0.291124,41,no
0.46203,0.356455,0.834292,0.234521,0.83674,0.087219,0.262795,42,no
0.489898,0.364697,0.788884,0.373195,0.855724,0.095356,0.234874,43,no
0.44063,0.39666,0.732935,0.350444,0.832519,0.060711,0.248036,44,no
0.509619,0.474716,0.779866,0.137013,0.720806,0.025005,0.311403,45,no
0.444821,0.303865,0.749956,0.269825,0.864885,0.09178,0.285244,46,no
0.919403,0.634166,0.613696,1,0.718643,0.272907,0.059723,47,no
0.523922,0.405848,0.81485,0.299291,0.811083,0.089292,0.2527,48,no
0.488886,0.375983,0.768187,0.295053,0.820498,0.093687,0.274638,49,no
0.529304,0.399033,0.810836,0.256592,0.796349,0.084405,0.278129,50,no
0.421327,0.27525,0.759326,0.322503,0.889303,0.09314,0.275548,51,no
0.495895,0.397126,0.79915,0.232416,0.809315,0.089019,0.267564,52,no
0.451429,0.406898,0.789959,0.252207,0.823816,0.090285,0.243512,53,no
0.448841,0.372455,0.788361,0.365651,0.867934,0.104374,0.213478,54,no
0.433603,0.588811,0,0.727672,0.616454,0,0.357804,55,no
0.505243,0.369638,0.780584,0.418361,0.820421,0.084469,0.271488,56,no
0.842054,0.756316,0.498016,0.545417,0.412888,0.122045,0.414198,57,no
0.611782,0.502339,0.797226,0.250258,0.644427,0.014178,0.364242,58,no
0.483295,0.473461,0.805282,0.244166,0.739768,0.017169,0.284247,59,no
0.555772,0.445862,0.861,0.312192,0.768429,0.080078,0.259859,60,no
0.611407,0.497478,0.860797,0.29606,0.724075,0.085206,0.267207,61,no
0.511192,0.468582,0.797754,0.244695,0.730343,0.021886,0.299932,62,no
0.484019,0.41453,0.760139,0.274514,0.788287,0.087528,0.282622,63,no
0.62947,0.594943,0.848993,0.054587,0.554525,0.017343,0.380417,64,no
0.645353,0.511184,0.827346,0.066753,0.575147,0.0142,0.425675,65,no
0.388054,0.494373,0,0.665525,0.697882,0.021696,0.351218,66,no
0.559207,0.408891,0.736888,0.297096,0.743897,0.094188,0.337662,67,no
0.699235,0.60673,0.845289,0.188921,0.575416,0.036486,0.346401,68,no
1,0.037905,0,0.562778,0.482497,0.093874,0.752231,69,no
0.571032,0.381863,0.807348,0.173921,0.695175,0.029813,0.401643,70,no
0.516975,0.619801,0.49414,0.397632,0.603941,0,0.345926,71,yes
0.534462,0.449411,0.845858,0.290346,0.775689,0.089302,0.251876,72,no
0.478837,0.701692,0.171415,0.431566,0.498949,0,0.404881,73,yes
0.565682,0.418627,0.86407,0.33663,0.78329,0.086444,0.263328,74,no
0.617952,0.434343,0.79439,0.159704,0.626812,0.018889,0.433581,75,no
0.534124,0.470383,0.789661,0.353937,0.784168,0.100424,0.230374,76,no
0.457262,0.280289,0.772681,0.338674,0.882034,0.08876,0.277051,77,no
0.434596,0.357954,0.762937,0.246913,0.846931,0.096703,0.261178,78,no
0.4571,0.36472,0.746929,0.288354,0.826428,0.081038,0.281258,79,no
0.46441,0.335779,0.764627,0.309276,0.854649,0.087286,0.267879,80,no
0.47029,0.324265,0.804377,0.291489,0.846706,0.093544,0.279774,81,no
0.454873,0.402455,0.794598,0.282087,0.832635,0.085642,0.23475,82,no
0.660558,0.622391,0.869643,0.16394,0.531825,0,0.375995,83,no
0.49858,0.400483,0.746847,0.310338,0.797105,0.092209,0.284353,84,no
0.50466,0.111252,0.413338,0.378119,0.764417,0.073305,0.536794,85,no
0.628956,0.514163,0.875777,0.378386,0.713262,0.085365,0.258581,86,no
0.57363,0.302251,0,0.113141,0.301706,0.009378,0.808936,87,no
0.507799,0.335328,0.78289,0.358601,0.840376,0.08448,0.278815,88,no
0.468648,0.354955,0.777885,0.273548,0.832355,0.101324,0.276955,89,no
0.556686,0.499898,0.223082,0.320344,0.536066,0.051706,0.517095,90,no
0.396365,0.678159,0,0.467089,0.625202,0,0.285113,91,no
0.480784,0.313926,0.754423,0.267921,0.84501,0.096739,0.298404,92,no
0.587968,0.397432,0.793055,0.183327,0.68737,0.036144,0.400262,93,no
0.479169,0.494117,0.529473,0.267517,0.660368,0,0.388416,94,yes
0.306407,0.644273,0,0.624883,0.675847,0,0.254602,95,no
0.610833,0.464432,0.830068,0.18384,0.650862,0.02834,0.382855,96,no
0.420471,0.68397,0,0.447197,0.622978,0,0.280975,97,no
0.613203,0.554432,0.299986,0.404192,0.539411,0.061478,0.470401,98,no
0.454924,0.34076,0.755773,0.345002,0.863945,0.068576,0.253412,99,no
0.552421,0.391343,0.878439,0.270053,0.794278,0.09418,0.273229,100,no
0.494218,0.517355,0.792897,0.319192,0.763403,0.074997,0.215563,101,no
0.529048,0.423905,0.804669,0.371667,0.809473,0.101933,0.236288,102,no
0.818648,0.913613,0.413098,0.314006,0.393862,0.049642,0.305305,103,no
0.410524,0.677321,0,0.503249,0.641321,0,0.261706,104,no
0.406446,0.656251,0,0.503137,0.665658,0,0.250812,105,no
0.803255,0.435965,0,0.848905,0.702087,1,0.156301,106,no
0.509687,0.367456,0.765583,0.448574,0.841675,0.103298,0.24842,107,no
0.379634,0.631863,0,0.604956,0.638595,0,0.308537,108,no
0.592466,0.48226,0.743642,0.283248,0.707351,0.092909,0.319346,109,no
0.336627,0.267673,0,0.39822,0.683296,0.058456,0.533381,110,no
0.354991,0.269955,0.600091,0.157679,0.853734,0.053984,0.348136,111,no
0.36596,0.673321,0,0.583911,0.626929,0,0.2867,112,no
0.576529,0.534361,0.826755,0.267661,0.660913,0.009434,0.316317,113,no
0.343691,0.570372,0,0.485081,0.724394,0,0.264471,114,no
0.518733,0.345242,0.790568,0.305286,0.811669,0.095559,0.304279,115,no
0.584279,0.44978,0.738856,0.281966,0.741158,0.094157,0.309291,116,no
0.584236,0.47268,0.463087,0.414801,0.684636,0.083307,0.377764,117,no
0.731809,0.642906,0.732886,0.589849,0.760665,0.232841,0.042304,118,no
0.214517,0.427859,0,0.075956,0.649373,0,0.475558,119,no
0.376755,0.245856,0.590578,0.294215,0.89386,0.086573,0.317929,120,no
0.462661,0.357013,0.698882,0.279564,0.819429,0.090426,0.302281,121,no
0.425709,0.33173,0.751681,0.329053,0.888088,0.107269,0.231787,122,no
0.727527,0.546425,0.649264,0.2682,0.488391,0.012706,0.498732,123,no
0.819126,0.555552,0.709424,0.114518,0.377592,0.012781,0.58304,124,no
0.396759,0.33365,0.07188,0.359022,0.661453,0.020087,0.514747,125,no
0.442326,0.329275,0.780518,0.290579,0.862844,0.083987,0.261751,126,no
0.173785,0.12446,0,0.258472,1,0.410068,0.292305,127,no
0.477104,0.559034,0,0.772746,0.651528,0.012492,0.336868,128,no
0.644954,0.500569,1,0.245202,0.664679,0.00948,0.307428,129,no
0.435781,0.284788,0.786555,0.302206,0.882878,0.090147,0.272006,130,no
0.448412,0.360265,0.781727,0.371581,0.871814,0.112157,0.219734,131,no
0.424059,0.3147,0.770858,0.370344,0.906978,0.102533,0.217816,132,no
0.401707,0.57313,0,0.510176,0.720996,0,0.262801,133,no
0.462632,0.296836,0.781837,0.300154,0.858519,0.095035,0.290917,134,no
0.5493,0.441723,0,0.385346,0.462426,0.050043,0.614514,135,no
0.433535,0.37725,0.790813,0.224892,0.841482,0.088579,0.248552,136,no
0.463143,0.440154,0.821482,0.261477,0.80451,0.091932,0.231632,137,no
0.478391,0.342157,0.796437,0.381419,0.865613,0.095205,0.240035,138,no
0.640769,0.513691,0.854306,0.130172,0.597617,0.02683,0.396799,139,no
0.479382,0.37862,0.775102,0.375849,0.847136,0.106221,0.235251,140,no
0.458075,0.300882,0.805581,0.258272,0.853411,0.094986,0.291415,141,no
0.625631,0.543175,0.785844,0.311485,0.663482,0.080541,0.309812,142,no
0.64788,0.532862,0.798184,0.31209,0.676356,0.01898,0.300978,143,no
0.317795,0.305727,0,0.451319,0.784211,0.14926,0.412813,144,no
0.477715,0.420899,0.785803,0.381638,0.827727,0.095249,0.220537,145,no
0.547743,0.360531,0.809376,0.380828,0.81328,0.090988,0.283657,146,no
0.590945,0.50931,0.817809,0.458491,0.748696,0.100895,0.226472,147,no
0.601346,0.516086,0.505909,0.343287,0.625343,0.07713,0.404462,148,no
0.584472,0.708856,0.815839,0.437554,0.634006,0.025232,0.179335,149,no
0.538298,0.446219,0.879743,0.266686,0.777387,0.090947,0.247083,150,no
0.470606,0.487647,0.706242,0.454735,0.918759,0.275552,0,151,no
0.691802,0.601339,0.851353,0.149311,0.531351,0,0.396119,152,no
0.67378,0.50907,0,0.323405,0.25417,0.029994,0.734364,153,no
0.499642,0.420955,0.848091,0.286389,0.804943,0.081259,0.241846,154,no
0.500823,0.437408,0.747607,0.295786,0.765895,0.081351,0.290564,155,no
0.467595,0.325631,0.78447,0.315272,0.845452,0.096647,0.28235,156,no
0.329971,0.700944,0,0.576312,0.636026,0,0.251775,157,no
0.509594,0.317718,0.407607,0.468763,0.753976,0.09378,0.419824,158,no
0.568988,0.68299,0.830332,0,0.542078,0.004712,0.325464,159,no
0.5556,0.418075,0.832224,0.309189,0.781947,0.091068,0.272553,160,no
0.418806,0.03328,0,0.140033,0.462815,0,0.816973,161,no
0.643242,0.476398,0.859157,0.178578,0.641152,0.036316,0.378976,162,no
0.369306,0.657244,0,0.616709,0.633247,0,0.291479,163,no
0.770829,0.425798,0,0.840095,0.714868,0.997147,0.151672,164,no
0.439325,0,0,0.134433,0.442051,0,0.843725,165,no
0.62947,0.594943,0.848993,0.054587,0.554525,0.017343,0.380417,166,no
0.431938,0.32379,0.766652,0.251605,0.857546,0.087017,0.27631,167,no
0.53694,0.344995,0.810984,0.284567,0.817382,0.097191,0.294851,168,no
0.483303,0.433916,0.781714,0.28625,0.80687,0.106222,0.239768,169,no
0.396374,0.69077,0,0.656934,0.596565,0.007752,0.299624,170,no
0.497393,0.355233,0.795818,0.289658,0.821513,0.087575,0.285747,171,no
0.416929,0.371225,0.746713,0.38219,0.835924,0.010874,0.261724,172,no
0.695235,0.563455,0.824639,0.127539,0.555585,0.003162,0.4057,173,no
0.487145,0.601029,0,0.456019,0.797541,0.220062,0.092204,174,no
0.589695,0.561443,0.794398,0.325246,0.688785,0.088152,0.263584,175,no
0.424035,0.502912,0.389965,0.444816,0.751485,0,0.287214,176,no
0.692449,0.635301,0.860515,0.182721,0.55101,0.023784,0.346901,177,no
0.485194,0.338403,0.765531,0.29781,0.852132,0.093631,0.268776,178,no
0.426506,0.006813,0.373387,0.374933,0.816594,0.089842,0.548543,179,no
0.333872,0.593675,0,0.077576,0.490887,0,0.505591,180,yes
0.479648,0.364498,0.770594,0.354882,0.854046,0.093712,0.241468,181,no
0.506957,0.437101,0.770133,0.367856,0.802942,0.104882,0.239511,182,no
0.608561,0.473263,0.747427,0.404715,0.714855,0.089948,0.311933,183,no
0.464218,0.596442,0,0.209942,0.441934,0.015535,0.542609,184,no
0.480758,0.307063,0.778631,0.312678,0.845874,0.088939,0.297517,185,no
0.384776,0.552856,0,0.528412,0.720315,0,0.279496,186,no
0.498834,0.326843,0.797762,0.298503,0.832547,0.092237,0.294522,187,no
0.479018,0.434006,0.631061,0.267814,0.75563,0.08579,0.322488,188,no
0.499737,0.407549,0.787149,0.325618,0.796949,0.087592,0.27144,189,no
0.516543,0.429553,0,0.331199,0.444779,0.051567,0.637122,190,no
0.611627,0.470544,0.773801,0.320064,0.701333,0.086756,0.32891,191,no
0.462576,0.393155,0.617081,0.297148,0.787443,0.07945,0.320552,192,no
0.530889,0.541988,0.52762,0.380025,0.633507,0,0.374583,193,yes
0.396393,0.584035,0,0.701805,0.655577,0.006204,0.322428,194,no
0.450524,0.550247,0,0.534201,0.527567,0,0.485953,195,yes
0.559284,0.378925,0.801516,0.231243,0.758191,0.100524,0.337225,196,no
0.445559,0.359779,0.785949,0.362549,0.867877,0.10746,0.224977,197,no
0.435323,0.397249,0.756698,0.338327,0.855261,0.094912,0.215319,198,no
0.442821,0.277591,0.763555,0.469428,0.913724,0.098059,0.235352,199,no
0.475449,0.349179,0.778877,0.396366,0.868234,0.099892,0.232863,200,no
0.527227,0.428473,0.782348,0.395523,0.802738,0.106609,0.243332,201,no
0.507912,0.397575,0.742619,0.265599,0.781846,0.089104,0.306207,202,no
0.591708,0.475289,0.757518,0.370902,0.716276,0.091402,0.309022,203,no
0.477049,0.334051,0.76522,0.279758,0.84562,0.095153,0.28018,204,no
0.573586,0.440639,0.760317,0.342854,0.760079,0.080197,0.29004,205,no
0.479046,0.426726,0.770035,0.256084,0.79111,0.078037,0.268879,206,no
0.35684,0.543001,0,0.736909,0.69166,0.006179,0.315468,207,no
0.456319,0.449434,0.779971,0.37184,0.818564,0.060786,0.209334,208,no
0.440253,0.320077,0.775922,0.278584,0.869654,0.090184,0.262444,209,no
0.495555,0.438735,0.749682,0.277775,0.791251,0.092286,0.260617,210,no
0.515273,0.346053,0.777602,0.548135,0.863624,0.108131,0.230353,211,no
0.459787,0.517479,0.773646,0.285545,0.761141,0.057688,0.223982,212,no
0.442959,0.297568,0.631711,0.421653,0.884864,0.113589,0.276465,213,no
0.485919,0.548648,0.481699,0.40815,0.656716,0,0.348888,214,yes
